[
  {
    "model": "auth.permission",
    "pk": 1,
    "fields": {
      "name": "Can add log entry",
      "content_type": 1,
      "codename": "add_logentry"
    }
  },
  {
    "model": "auth.permission",
    "pk": 2,
    "fields": {
      "name": "Can change log entry",
      "content_type": 1,
      "codename": "change_logentry"
    }
  },
  {
    "model": "auth.permission",
    "pk": 3,
    "fields": {
      "name": "Can delete log entry",
      "content_type": 1,
      "codename": "delete_logentry"
    }
  },
  {
    "model": "auth.permission",
    "pk": 4,
    "fields": {
      "name": "Can view log entry",
      "content_type": 1,
      "codename": "view_logentry"
    }
  },
  {
    "model": "auth.permission",
    "pk": 5,
    "fields": {
      "name": "Can add permission",
      "content_type": 2,
      "codename": "add_permission"
    }
  },
  {
    "model": "auth.permission",
    "pk": 6,
    "fields": {
      "name": "Can change permission",
      "content_type": 2,
      "codename": "change_permission"
    }
  },
  {
    "model": "auth.permission",
    "pk": 7,
    "fields": {
      "name": "Can delete permission",
      "content_type": 2,
      "codename": "delete_permission"
    }
  },
  {
    "model": "auth.permission",
    "pk": 8,
    "fields": {
      "name": "Can view permission",
      "content_type": 2,
      "codename": "view_permission"
    }
  },
  {
    "model": "auth.permission",
    "pk": 9,
    "fields": {
      "name": "Can add group",
      "content_type": 3,
      "codename": "add_group"
    }
  },
  {
    "model": "auth.permission",
    "pk": 10,
    "fields": {
      "name": "Can change group",
      "content_type": 3,
      "codename": "change_group"
    }
  },
  {
    "model": "auth.permission",
    "pk": 11,
    "fields": {
      "name": "Can delete group",
      "content_type": 3,
      "codename": "delete_group"
    }
  },
  {
    "model": "auth.permission",
    "pk": 12,
    "fields": {
      "name": "Can view group",
      "content_type": 3,
      "codename": "view_group"
    }
  },
  {
    "model": "auth.permission",
    "pk": 13,
    "fields": {
      "name": "Can add content type",
      "content_type": 4,
      "codename": "add_contenttype"
    }
  },
  {
    "model": "auth.permission",
    "pk": 14,
    "fields": {
      "name": "Can change content type",
      "content_type": 4,
      "codename": "change_contenttype"
    }
  },
  {
    "model": "auth.permission",
    "pk": 15,
    "fields": {
      "name": "Can delete content type",
      "content_type": 4,
      "codename": "delete_contenttype"
    }
  },
  {
    "model": "auth.permission",
    "pk": 16,
    "fields": {
      "name": "Can view content type",
      "content_type": 4,
      "codename": "view_contenttype"
    }
  },
  {
    "model": "auth.permission",
    "pk": 17,
    "fields": {
      "name": "Can add session",
      "content_type": 5,
      "codename": "add_session"
    }
  },
  {
    "model": "auth.permission",
    "pk": 18,
    "fields": {
      "name": "Can change session",
      "content_type": 5,
      "codename": "change_session"
    }
  },
  {
    "model": "auth.permission",
    "pk": 19,
    "fields": {
      "name": "Can delete session",
      "content_type": 5,
      "codename": "delete_session"
    }
  },
  {
    "model": "auth.permission",
    "pk": 20,
    "fields": {
      "name": "Can view session",
      "content_type": 5,
      "codename": "view_session"
    }
  },
  {
    "model": "auth.permission",
    "pk": 21,
    "fields": {
      "name": "Can add user",
      "content_type": 6,
      "codename": "add_user"
    }
  },
  {
    "model": "auth.permission",
    "pk": 22,
    "fields": {
      "name": "Can change user",
      "content_type": 6,
      "codename": "change_user"
    }
  },
  {
    "model": "auth.permission",
    "pk": 23,
    "fields": {
      "name": "Can delete user",
      "content_type": 6,
      "codename": "delete_user"
    }
  },
  {
    "model": "auth.permission",
    "pk": 24,
    "fields": {
      "name": "Can view user",
      "content_type": 6,
      "codename": "view_user"
    }
  },
  {
    "model": "auth.permission",
    "pk": 25,
    "fields": {
      "name": "Can add listing",
      "content_type": 7,
      "codename": "add_listing"
    }
  },
  {
    "model": "auth.permission",
    "pk": 26,
    "fields": {
      "name": "Can change listing",
      "content_type": 7,
      "codename": "change_listing"
    }
  },
  {
    "model": "auth.permission",
    "pk": 27,
    "fields": {
      "name": "Can delete listing",
      "content_type": 7,
      "codename": "delete_listing"
    }
  },
  {
    "model": "auth.permission",
    "pk": 28,
    "fields": {
      "name": "Can view listing",
      "content_type": 7,
      "codename": "view_listing"
    }
  },
  {
    "model": "auth.permission",
    "pk": 29,
    "fields": {
      "name": "Can add watchlist",
      "content_type": 8,
      "codename": "add_watchlist"
    }
  },
  {
    "model": "auth.permission",
    "pk": 30,
    "fields": {
      "name": "Can change watchlist",
      "content_type": 8,
      "codename": "change_watchlist"
    }
  },
  {
    "model": "auth.permission",
    "pk": 31,
    "fields": {
      "name": "Can delete watchlist",
      "content_type": 8,
      "codename": "delete_watchlist"
    }
  },
  {
    "model": "auth.permission",
    "pk": 32,
    "fields": {
      "name": "Can view watchlist",
      "content_type": 8,
      "codename": "view_watchlist"
    }
  },
  {
    "model": "auth.permission",
    "pk": 33,
    "fields": {
      "name": "Can add comment",
      "content_type": 9,
      "codename": "add_comment"
    }
  },
  {
    "model": "auth.permission",
    "pk": 34,
    "fields": {
      "name": "Can change comment",
      "content_type": 9,
      "codename": "change_comment"
    }
  },
  {
    "model": "auth.permission",
    "pk": 35,
    "fields": {
      "name": "Can delete comment",
      "content_type": 9,
      "codename": "delete_comment"
    }
  },
  {
    "model": "auth.permission",
    "pk": 36,
    "fields": {
      "name": "Can view comment",
      "content_type": 9,
      "codename": "view_comment"
    }
  },
  {
    "model": "auth.permission",
    "pk": 37,
    "fields": {
      "name": "Can add bid",
      "content_type": 10,
      "codename": "add_bid"
    }
  },
  {
    "model": "auth.permission",
    "pk": 38,
    "fields": {
      "name": "Can change bid",
      "content_type": 10,
      "codename": "change_bid"
    }
  },
  {
    "model": "auth.permission",
    "pk": 39,
    "fields": {
      "name": "Can delete bid",
      "content_type": 10,
      "codename": "delete_bid"
    }
  },
  {
    "model": "auth.permission",
    "pk": 40,
    "fields": {
      "name": "Can view bid",
      "content_type": 10,
      "codename": "view_bid"
    }
  },
  {
    "model": "contenttypes.contenttype",
    "pk": 1,
    "fields": { "app_label": "admin", "model": "logentry" }
  },
  {
    "model": "contenttypes.contenttype",
    "pk": 2,
    "fields": { "app_label": "auth", "model": "permission" }
  },
  {
    "model": "contenttypes.contenttype",
    "pk": 3,
    "fields": { "app_label": "auth", "model": "group" }
  },
  {
    "model": "contenttypes.contenttype",
    "pk": 4,
    "fields": { "app_label": "contenttypes", "model": "contenttype" }
  },
  {
    "model": "contenttypes.contenttype",
    "pk": 5,
    "fields": { "app_label": "sessions", "model": "session" }
  },
  {
    "model": "contenttypes.contenttype",
    "pk": 6,
    "fields": { "app_label": "auctions", "model": "user" }
  },
  {
    "model": "contenttypes.contenttype",
    "pk": 7,
    "fields": { "app_label": "auctions", "model": "listing" }
  },
  {
    "model": "contenttypes.contenttype",
    "pk": 8,
    "fields": { "app_label": "auctions", "model": "watchlist" }
  },
  {
    "model": "contenttypes.contenttype",
    "pk": 9,
    "fields": { "app_label": "auctions", "model": "comment" }
  },
  {
    "model": "contenttypes.contenttype",
    "pk": 10,
    "fields": { "app_label": "auctions", "model": "bid" }
  },
  {
    "model": "sessions.session",
    "pk": "5v8pjtnn3go64k8sti58avbqigik91d0",
    "fields": {
      "session_data": ".eJxVjEEOwiAQRe_C2hCZAi0u3XsGMjOAVA0kpV0Z7y5NutDtf-_9t_C4rdlvLS5-DuIilDj9boT8jGUH4YHlXiXXsi4zyV2RB23yVkN8XQ_37yBjy71GjdbpM9jEpByMxMiagEiPDsGQjmSIYFLTYJjSYAeHFhL0xKSOxecL7tE36w:1n1uds:omjvoRWQRaYI7ZiLx4sg87bQ7pkpC1bM0yNAaecGZZI",
      "expire_date": "2022-01-10T18:22:40.763Z"
    }
  },
  {
    "model": "sessions.session",
    "pk": "6impw99fqin3yq4cmyl2fjzrb9krge6g",
    "fields": {
      "session_data": ".eJxVjDsOwjAQBe_iGlnGv8SU9DmDtZvdxQEUS_lUiLuDpRTQzsx7L5Vh30reV17yROqivDr9MoTxwXMTdIf5VvVY522ZULdEH3bVQyV-Xo_276DAWto6Ru7PNtne-SjMnQQyGBmD7wRQXEjiyJovCxh7QKYkQYwn6dCyV-8P8jI4qQ:1nOo1O:LpIaXE-N1__wehGGGEYFeh55zxGNOFbuQ6TPsRXRcIU",
      "expire_date": "2022-03-14T21:57:34.594Z"
    }
  },
  {
    "model": "sessions.session",
    "pk": "6qkc79lqpmarz6eu85y064ccw93m0mlx",
    "fields": {
      "session_data": ".eJxVjEEOwiAQRe_C2hCZAi0u3XsGMjOAVA0kpV0Z7y5NutDtf-_9t_C4rdlvLS5-DuIilDj9boT8jGUH4YHlXiXXsi4zyV2RB23yVkN8XQ_37yBjy71GjdbpM9jEpByMxMiagEiPDsGQjmSIYFLTYJjSYAeHFhL0xKSOxecL7tE36w:1nOYnQ:FKwrziU_AsJzVn3j_DluVxfZy2W3gYkA4Szrpst6cfY",
      "expire_date": "2022-03-14T05:42:08.075Z"
    }
  },
  {
    "model": "sessions.session",
    "pk": "aubh193xf043am4txwfgnq1p55sjrvck",
    "fields": {
      "session_data": ".eJxVjDsOwjAQBe_iGlnGv8SU9DmDtZvdxQEUS_lUiLuDpRTQzsx7L5Vh30reV17yROqivDr9MoTxwXMTdIf5VvVY522ZULdEH3bVQyV-Xo_276DAWto6Ru7PNtne-SjMnQQyGBmD7wRQXEjiyJovCxh7QKYkQYwn6dCyV-8P8jI4qQ:1nPADA:1GT14-84guNx7tEXm26ssqtrkmBNOltZm_b3J0hMD0I",
      "expire_date": "2022-03-15T21:39:12.312Z"
    }
  },
  {
    "model": "sessions.session",
    "pk": "fg56fxo45s38rctx65ghjc12d3g2sahu",
    "fields": {
      "session_data": ".eJxVjDsOwjAQBe_iGlnGv8SU9DmDtZvdxQEUS_lUiLuDpRTQzsx7L5Vh30reV17yROqivDr9MoTxwXMTdIf5VvVY522ZULdEH3bVQyV-Xo_276DAWto6Ru7PNtne-SjMnQQyGBmD7wRQXEjiyJovCxh7QKYkQYwn6dCyV-8P8jI4qQ:1nOYsT:mCjH8UoIOGOlS7vxBJdqovPfC6C2jUiS9XS6WyaADa8",
      "expire_date": "2022-03-14T05:47:21.545Z"
    }
  },
  {
    "model": "sessions.session",
    "pk": "h8xik5reka9rf1cx5zdhsq2mrkheqhfv",
    "fields": {
      "session_data": ".eJxVjDsOwjAQBe_iGlnGv8SU9DmDtZvdxQEUS_lUiLuDpRTQzsx7L5Vh30reV17yROqivDr9MoTxwXMTdIf5VvVY522ZULdEH3bVQyV-Xo_276DAWto6Ru7PNtne-SjMnQQyGBmD7wRQXEjiyJovCxh7QKYkQYwn6dCyV-8P8jI4qQ:1nOYs5:O7CGSaZFr3TrLGHWGxTSfCySkQIwWOHVbDfgZxYoAPM",
      "expire_date": "2022-03-14T05:46:57.806Z"
    }
  },
  {
    "model": "sessions.session",
    "pk": "jxsbozf0qqnjcxvyket20sz2g49kytx8",
    "fields": {
      "session_data": ".eJxVjDsOwjAQBe_iGlnGv8SU9DmDtZvdxQEUS_lUiLuDpRTQzsx7L5Vh30reV17yROqivDr9MoTxwXMTdIf5VvVY522ZULdEH3bVQyV-Xo_276DAWto6Ru7PNtne-SjMnQQyGBmD7wRQXEjiyJovCxh7QKYkQYwn6dCyV-8P8jI4qQ:1nOYtn:liP52PNgb68m0PZZQPeA-Le2VRFWPaPA8rBwNWiq6Wo",
      "expire_date": "2022-03-14T05:48:43.604Z"
    }
  },
  {
    "model": "sessions.session",
    "pk": "pzuzugpx129jk6mkln158r09kqfsqw4h",
    "fields": {
      "session_data": ".eJxVjDsOwjAQBe_iGlnGv8SU9DmDtZvdxQEUS_lUiLuDpRTQzsx7L5Vh30reV17yROqivDr9MoTxwXMTdIf5VvVY522ZULdEH3bVQyV-Xo_276DAWto6Ru7PNtne-SjMnQQyGBmD7wRQXEjiyJovCxh7QKYkQYwn6dCyV-8P8jI4qQ:1nOYsi:3GuIBrVfbNOPceV6DQLnPPUSSIynIuqKFP06V623Gho",
      "expire_date": "2022-03-14T05:47:36.742Z"
    }
  },
  {
    "model": "sessions.session",
    "pk": "q4fmwazfzi2oak74eggubfql21lr80zv",
    "fields": {
      "session_data": ".eJxVjDsOwjAQBe_iGlnGv8SU9DmDtZvdxQEUS_lUiLuDpRTQzsx7L5Vh30reV17yROqivDr9MoTxwXMTdIf5VvVY522ZULdEH3bVQyV-Xo_276DAWto6Ru7PNtne-SjMnQQyGBmD7wRQXEjiyJovCxh7QKYkQYwn6dCyV-8P8jI4qQ:1nOukq:E_NjE9qVOEazGrXCV6_uoCck6-v4E7VR7ukTVHkfXAo",
      "expire_date": "2022-03-15T05:08:56.853Z"
    }
  },
  {
    "model": "sessions.session",
    "pk": "qvcyo7wpi68bcgyh5zoa08able5e0jw9",
    "fields": {
      "session_data": ".eJxVjEEOwiAQRe_C2hCZAi0u3XsGMjOAVA0kpV0Z7y5NutDtf-_9t_C4rdlvLS5-DuIilDj9boT8jGUH4YHlXiXXsi4zyV2RB23yVkN8XQ_37yBjy71GjdbpM9jEpByMxMiagEiPDsGQjmSIYFLTYJjSYAeHFhL0xKSOxecL7tE36w:1n5Br8:wFMgh0Rkw0coERq158oak3A6Ikulqs2OQxQzb61NoZo",
      "expire_date": "2022-01-19T19:21:54.625Z"
    }
  },
  {
    "model": "sessions.session",
    "pk": "sxet8wlbtddxor4xc2paqo4x85bylmr2",
    "fields": {
      "session_data": ".eJxVjDsOwjAQBe_iGlnGv8SU9DmDtZvdxQEUS_lUiLuDpRTQzsx7L5Vh30reV17yROqivDr9MoTxwXMTdIf5VvVY522ZULdEH3bVQyV-Xo_276DAWto6Ru7PNtne-SjMnQQyGBmD7wRQXEjiyJovCxh7QKYkQYwn6dCyV-8P8jI4qQ:1nOncs:gasxus8FOWHp4qq66BBR4aCZEocrstG37xo45sqK8ik",
      "expire_date": "2022-03-14T21:32:14.900Z"
    }
  },
  {
    "model": "sessions.session",
    "pk": "t6lm93xa8e96w59ese7zehlumav6nkjh",
    "fields": {
      "session_data": ".eJxVjDsOwjAQBe_iGlnGv8SU9DmDtZvdxQEUS_lUiLuDpRTQzsx7L5Vh30reV17yROqivDr9MoTxwXMTdIf5VvVY522ZULdEH3bVQyV-Xo_276DAWto6Ru7PNtne-SjMnQQyGBmD7wRQXEjiyJovCxh7QKYkQYwn6dCyV-8P8jI4qQ:1nPHLR:lhglOHQUQiw3hVAjXAnUp6hj3fi6xOcoluXPe-l5EhI",
      "expire_date": "2022-03-16T05:16:13.579Z"
    }
  },
  {
    "model": "sessions.session",
    "pk": "tp68sxzxghx4fpicu24jwy5ba9636tah",
    "fields": {
      "session_data": ".eJxVjDsOwjAQBe_iGlnGv8SU9DmDtZvdxQEUS_lUiLuDpRTQzsx7L5Vh30reV17yROqivDr9MoTxwXMTdIf5VvVY522ZULdEH3bVQyV-Xo_276DAWto6Ru7PNtne-SjMnQQyGBmD7wRQXEjiyJovCxh7QKYkQYwn6dCyV-8P8jI4qQ:1nOZA8:P8wghBHKkMcq99PMnmmJob0JNejZGVgZwwJv8oOAQwk",
      "expire_date": "2022-03-14T06:05:36.261Z"
    }
  },
  {
    "model": "sessions.session",
    "pk": "ts8rzlbwyqx4ybat2hdrwxwmtydn7no2",
    "fields": {
      "session_data": ".eJxVjDsOwjAQBe_iGlnGv8SU9DmDtZvdxQEUS_lUiLuDpRTQzsx7L5Vh30reV17yROqivDr9MoTxwXMTdIf5VvVY522ZULdEH3bVQyV-Xo_276DAWto6Ru7PNtne-SjMnQQyGBmD7wRQXEjiyJovCxh7QKYkQYwn6dCyV-8P8jI4qQ:1nOZAf:2eViMK2FfY1LnwO8QNhkQOHfxOb0_JIVJcnkBjyHAmU",
      "expire_date": "2022-03-14T06:06:09.969Z"
    }
  },
  {
    "model": "sessions.session",
    "pk": "u0iauq57fyq950lynnkid71e9r1df81q",
    "fields": {
      "session_data": ".eJxVjDsOwjAQBe_iGlnGv8SU9DmDtZvdxQEUS_lUiLuDpRTQzsx7L5Vh30reV17yROqivDr9MoTxwXMTdIf5VvVY522ZULdEH3bVQyV-Xo_276DAWto6Ru7PNtne-SjMnQQyGBmD7wRQXEjiyJovCxh7QKYkQYwn6dCyV-8P8jI4qQ:1nOxYm:TukZ_5WFtwAaZdMmfEWVDpkhF344Oar2GsYgG5WUaiA",
      "expire_date": "2022-03-15T08:08:40.301Z"
    }
  },
  {
    "model": "sessions.session",
    "pk": "v7z7ijvx897m1m6zmgz921gopu6us9ze",
    "fields": {
      "session_data": ".eJxVjDsOwjAQBe_iGlnGv8SU9DmDtZvdxQEUS_lUiLuDpRTQzsx7L5Vh30reV17yROqivDr9MoTxwXMTdIf5VvVY522ZULdEH3bVQyV-Xo_276DAWto6Ru7PNtne-SjMnQQyGBmD7wRQXEjiyJovCxh7QKYkQYwn6dCyV-8P8jI4qQ:1nPAHu:YYFyhhkUVfYA3dtohDo4cM4dwTMmhs3WPclb4wno9cg",
      "expire_date": "2022-03-15T21:44:06.580Z"
    }
  },
  {
    "model": "sessions.session",
    "pk": "xxm545qk9xj3xowhp2yfudf93gpfbsum",
    "fields": {
      "session_data": ".eJxVjDsOwjAQBe_iGlnGv8SU9DmDtZvdxQEUS_lUiLuDpRTQzsx7L5Vh30reV17yROqivDr9MoTxwXMTdIf5VvVY522ZULdEH3bVQyV-Xo_276DAWto6Ru7PNtne-SjMnQQyGBmD7wRQXEjiyJovCxh7QKYkQYwn6dCyV-8P8jI4qQ:1nOuno:CuxLfy_wMrSXTP9AfDeNC0rD5AQTyJ_uXad5iMREpzs",
      "expire_date": "2022-03-15T05:12:00.733Z"
    }
  },
  {
    "model": "auctions.user",
    "pk": 1,
    "fields": {
      "password": "pbkdf2_sha256$216000$MF19h7yDiAWG$sC32c8fWbM1aKKoKnzGk3q7kCQGnb7+E/iTgypzbHhE=",
      "last_login": "2022-02-28T05:42:07.933Z",
      "is_superuser": true,
      "username": "eldarin",
      "first_name": "",
      "last_name": "",
      "email": "devteam@origma.io",
      "is_staff": true,
      "is_active": true,
      "date_joined": "2021-12-27T18:16:21.280Z",
      "cash": 66481090.0,
      "credit": 0.0,
      "groups": [],
      "user_permissions": []
    }
  },
  {
    "model": "auctions.user",
    "pk": 2,
    "fields": {
      "password": "pbkdf2_sha256$216000$PoNu0jtTga0S$27Qj0vO4+tzXbVDhbZA5XiI/f3o8ccWhizLtDADL98w=",
      "last_login": null,
      "is_superuser": false,
      "username": "rando_user_0",
      "first_name": "",
      "last_name": "",
      "email": "",
      "is_staff": false,
      "is_active": true,
      "date_joined": "2022-02-01T20:51:55.584Z",
      "cash": 82617.0,
      "credit": 0.0,
      "groups": [],
      "user_permissions": []
    }
  },
  {
    "model": "auctions.user",
    "pk": 3,
    "fields": {
      "password": "pbkdf2_sha256$216000$XQSI8NygzUNp$lInq/B05vEEq84MLkpNBODQbuoRvmWMlAYpwEeF0ovo=",
      "last_login": null,
      "is_superuser": false,
      "username": "rando_user_1",
      "first_name": "",
      "last_name": "",
      "email": "",
      "is_staff": false,
      "is_active": true,
      "date_joined": "2022-02-07T05:09:46.081Z",
      "cash": 1611.56,
      "credit": 0.0,
      "groups": [],
      "user_permissions": []
    }
  },
  {
    "model": "auctions.user",
    "pk": 4,
    "fields": {
      "password": "pbkdf2_sha256$216000$HPxWJStuKf6e$jsoV/MF4YIG02r8eDfc1oe6JNikCGyOZrqK4syeYI60=",
      "last_login": "2022-03-02T05:16:13.429Z",
      "is_superuser": true,
      "username": "seyamack",
      "first_name": "",
      "last_name": "",
      "email": "seyamack@gmail.com",
      "is_staff": true,
      "is_active": true,
      "date_joined": "2022-02-28T05:00:02.664Z",
      "cash": 1000.0,
      "credit": 0.0,
      "groups": [],
      "user_permissions": []
    }
  },
  {
    "model": "auctions.user",
    "pk": 5,
    "fields": {
      "password": "pbkdf2_sha256$216000$TB2tBnmYQTby$pvE0BhXSZvzCaxhoAM5NTX9WtvnPE42UbMgwVfaksJE=",
      "last_login": null,
      "is_superuser": false,
      "username": "rando_user_2",
      "first_name": "Stephanie",
      "last_name": "Bates",
      "email": "zramos@example.org",
      "is_staff": false,
      "is_active": true,
      "date_joined": "2022-02-28T21:43:22.559Z",
      "cash": 1229.04,
      "credit": 0.0,
      "groups": [],
      "user_permissions": []
    }
  },
  {
    "model": "auctions.user",
    "pk": 6,
    "fields": {
      "password": "pbkdf2_sha256$216000$9p9udEglpaJa$lDU8t24Tx6f/qBYrdtpic25PfQ3STrBKqcXvaDXZgF8=",
      "last_login": null,
      "is_superuser": false,
      "username": "rando_user_3",
      "first_name": "Erika",
      "last_name": "Thomas",
      "email": "orichardson@example.org",
      "is_staff": false,
      "is_active": true,
      "date_joined": "2022-02-28T21:44:27.168Z",
      "cash": 1295.34,
      "credit": 0.0,
      "groups": [],
      "user_permissions": []
    }
  },
  {
    "model": "auctions.user",
    "pk": 7,
    "fields": {
      "password": "pbkdf2_sha256$216000$REfu7QYBEf1Q$TJNEYyfnEqmkBOWI72BqbDZMl5LHgJOK3rNRmjWQqcI=",
      "last_login": null,
      "is_superuser": false,
      "username": "rando_user_4",
      "first_name": "Jennifer",
      "last_name": "Anderson",
      "email": "carneyjoseph@example.net",
      "is_staff": false,
      "is_active": true,
      "date_joined": "2022-02-28T21:55:28.141Z",
      "cash": 1127.87,
      "credit": 0.0,
      "groups": [],
      "user_permissions": []
    }
  },
  {
    "model": "auctions.user",
    "pk": 8,
    "fields": {
      "password": "pbkdf2_sha256$216000$po0uRabuUglu$l22ZKltD+2B9FimrsKj1bxMPrjyDMi0H23dsYxJ5Bdo=",
      "last_login": null,
      "is_superuser": false,
      "username": "rando_user_5",
      "first_name": "Tyler",
      "last_name": "White",
      "email": "grahamjordan@example.com",
      "is_staff": false,
      "is_active": true,
      "date_joined": "2022-02-28T21:57:17.039Z",
      "cash": 1648.7,
      "credit": 0.0,
      "groups": [],
      "user_permissions": []
    }
  },
  {
    "model": "auctions.user",
    "pk": 9,
    "fields": {
      "password": "pbkdf2_sha256$216000$7DWnfwXffo2b$8vis5oyDneb2oPd6DMrI29BxzQ3tHwKFYHB+PcY1WBo=",
      "last_login": null,
      "is_superuser": false,
      "username": "rando_user_6",
      "first_name": "Zachary",
      "last_name": "Williams",
      "email": "anna88@example.net",
      "is_staff": false,
      "is_active": true,
      "date_joined": "2022-03-01T05:00:28.832Z",
      "cash": 1636.92,
      "credit": 0.0,
      "groups": [],
      "user_permissions": []
    }
  },
  {
    "model": "auctions.user",
    "pk": 10,
    "fields": {
      "password": "pbkdf2_sha256$216000$yx15oWCZALy7$h13Vm0KJ9BX8uE7QXdWBkqwc3NvlpI4dJMp03Wlzc+w=",
      "last_login": null,
      "is_superuser": false,
      "username": "rando_user_7",
      "first_name": "Robert",
      "last_name": "Jenkins",
      "email": "cpalmer@example.org",
      "is_staff": false,
      "is_active": true,
      "date_joined": "2022-03-01T05:05:31.183Z",
      "cash": 1613.19,
      "credit": 0.0,
      "groups": [],
      "user_permissions": []
    }
  },
  {
    "model": "auctions.listing",
    "pk": 1,
    "fields": {
      "slug": "test-1",
      "title": "test 1",
      "description": "test 1",
      "image": "images/origma_logo_DAfGnmv.jpg",
      "active": true,
      "start_price": 0.99,
      "auction_start": "2021-12-27T18:22:53.046Z",
      "auction_end": "2022-01-03T18:22:31.053Z",
      "owner": 1
    }
  },
  {
    "model": "auctions.listing",
    "pk": 2,
    "fields": {
      "slug": "test-2",
      "title": "test 2",
      "description": "test 2",
      "image": "images/origma.png",
      "active": true,
      "start_price": 1.99,
      "auction_start": "2021-12-27T18:23:07.087Z",
      "auction_end": "2022-01-03T18:22:31.053Z",
      "owner": 1
    }
  },
  {
    "model": "auctions.listing",
    "pk": 3,
    "fields": {
      "slug": "left-director",
      "title": "Left director.",
      "description": "Movement reality thank program medical the travel light close area order exist this chair walk mind remember whose policy democratic second.",
      "image": "/present/parent/these/enjoy.css",
      "active": true,
      "start_price": 223.92,
      "auction_start": "2022-02-28T21:43:22.970Z",
      "auction_end": "2022-03-07T06:00:00Z",
      "owner": 5
    }
  },
  {
    "model": "auctions.listing",
    "pk": 4,
    "fields": {
      "slug": "few-box-gun-charge",
      "title": "Few box gun charge.",
      "description": "Individual ago address staff itself environmental city dream suggest where get idea tough together per create early reduce less couple lead pick explain window character manage west some help this.",
      "image": "/reality/individual/set/major.jpg",
      "active": true,
      "start_price": 829.44,
      "auction_start": "2022-02-28T21:44:27.579Z",
      "auction_end": "2022-03-07T06:00:00Z",
      "owner": 6
    }
  },
  {
    "model": "auctions.listing",
    "pk": 5,
    "fields": {
      "slug": "daughter-analysis",
      "title": "Daughter analysis.",
      "description": "Discover account capital former participant road subject prove note but usually citizen physical Mrs especially identify without future performance good commercial present book citizen truth serve current clearly outside military fall.",
      "image": "/fly/daughter/guess/exactly.pdf",
      "active": true,
      "start_price": 612.47,
      "auction_start": "2022-02-28T21:55:28.537Z",
      "auction_end": "2022-03-07T06:00:00Z",
      "owner": 7
    }
  },
  {
    "model": "auctions.listing",
    "pk": 6,
    "fields": {
      "slug": "direction-who-know",
      "title": "Direction who know.",
      "description": "Difficult most I economic else thing politics answer read must attention simply money wrong site capital school agreement particularly go something street provide rest agency suffer across wonder option enjoy nice whom success any dark choice source best order determine.",
      "image": "/responsibility/floor/collection/suggest.wav",
      "active": true,
      "start_price": 260.43,
      "auction_start": "2022-02-28T21:57:17.452Z",
      "auction_end": "2022-03-07T21:57:17.038Z",
      "owner": 8
    }
  },
  {
    "model": "auctions.listing",
    "pk": 7,
    "fields": {
      "slug": "own-policy-general",
      "title": "Own policy general.",
      "description": "Trade admit form possible recent weight spring he site nothing break where town tree exactly face data four once guess bar away buy size book with form plant budget message book true all vote other measure action success plan company.",
      "image": "/per/firm/floor/institution.flac",
      "active": false,
      "start_price": 1132.0,
      "auction_start": "2022-03-01T05:00:29.247Z",
      "auction_end": "2022-03-02T04:43:27.969Z",
      "owner": 9
    }
  },
  {
    "model": "auctions.listing",
    "pk": 8,
    "fields": {
      "slug": "purpose-decision",
      "title": "Purpose decision.",
      "description": "White school thank up western clear free forget man economic first ahead whole central eight question wall almost tree bad his everyone high have almost shoulder knowledge table peace specific probably always it option land form method east play its important.",
      "image": "/challenge/score/paper/first.png",
      "active": false,
      "start_price": 737.82,
      "auction_start": "2022-03-01T05:05:31.605Z",
      "auction_end": "2022-03-02T04:45:00.655Z",
      "owner": 10
    }
  },
  {
    "model": "auctions.watchlist",
    "pk": 1,
    "fields": { "user": 1, "listing": 1, "active": false }
  },
  {
    "model": "auctions.watchlist",
    "pk": 2,
    "fields": { "user": 1, "listing": 2, "active": true }
  },
  {
    "model": "auctions.bid",
    "pk": 1,
    "fields": {
      "bid": 1.25,
      "date": "2021-12-28T18:07:24.259Z",
      "winning_bid": false,
      "owner": 1,
      "listing": 1,
      "active": true
    }
  },
  {
    "model": "auctions.bid",
    "pk": 2,
    "fields": {
      "bid": 1.35,
      "date": "2021-12-28T18:07:47.380Z",
      "winning_bid": false,
      "owner": 1,
      "listing": 1,
      "active": true
    }
  },
  {
    "model": "auctions.bid",
    "pk": 3,
    "fields": {
      "bid": 1.1,
      "date": "2021-12-28T18:14:20.768Z",
      "winning_bid": false,
      "owner": 1,
      "listing": 1,
      "active": true
    }
  },
  {
    "model": "auctions.bid",
    "pk": 4,
    "fields": {
      "bid": 1.36,
      "date": "2021-12-28T19:00:01.764Z",
      "winning_bid": false,
      "owner": 1,
      "listing": 1,
      "active": true
    }
  },
  {
    "model": "auctions.bid",
    "pk": 5,
    "fields": {
      "bid": 1.37,
      "date": "2021-12-28T19:00:48.636Z",
      "winning_bid": false,
      "owner": 1,
      "listing": 1,
      "active": true
    }
  },
  {
    "model": "auctions.bid",
    "pk": 6,
    "fields": {
      "bid": 1.38,
      "date": "2021-12-28T19:02:04.720Z",
      "winning_bid": false,
      "owner": 1,
      "listing": 1,
      "active": true
    }
  },
  {
    "model": "auctions.bid",
    "pk": 7,
    "fields": {
      "bid": 1.4,
      "date": "2021-12-28T19:55:21.985Z",
      "winning_bid": false,
      "owner": 1,
      "listing": 1,
      "active": true
    }
  },
  {
    "model": "auctions.bid",
    "pk": 8,
    "fields": {
      "bid": -1.0,
      "date": "2021-12-28T19:58:47.002Z",
      "winning_bid": false,
      "owner": 1,
      "listing": 1,
      "active": true
    }
  },
  {
    "model": "auctions.bid",
    "pk": 9,
    "fields": {
      "bid": -250.0,
      "date": "2021-12-28T19:59:42.758Z",
      "winning_bid": false,
      "owner": 1,
      "listing": 1,
      "active": true
    }
  },
  {
    "model": "auctions.bid",
    "pk": 10,
    "fields": {
      "bid": -9999999.0,
      "date": "2021-12-28T19:59:50.104Z",
      "winning_bid": false,
      "owner": 1,
      "listing": 1,
      "active": true
    }
  },
  {
    "model": "auctions.bid",
    "pk": 11,
    "fields": {
      "bid": -56479846.0,
      "date": "2021-12-28T19:59:55.322Z",
      "winning_bid": false,
      "owner": 1,
      "listing": 1,
      "active": true
    }
  },
  {
    "model": "auctions.bid",
    "pk": 12,
    "fields": {
      "bid": 1.99,
      "date": "2022-01-05T22:30:16.455Z",
      "winning_bid": false,
      "owner": 1,
      "listing": 1,
      "active": true
    }
  },
  {
    "model": "auctions.bid",
    "pk": 13,
    "fields": {
      "bid": 750.0,
      "date": "2022-03-02T04:47:41.392Z",
      "winning_bid": false,
      "owner": 1,
      "listing": 8,
      "active": true
    }
  },
  {
    "model": "auctions.bid",
    "pk": 14,
    "fields": {
      "bid": 1200.0,
      "date": "2022-03-02T05:02:13.819Z",
      "winning_bid": false,
      "owner": 1,
      "listing": 7,
      "active": true
    }
  },
  {
    "model": "auctions.comment",
    "pk": 1,
    "fields": {
      "text": "comment 1",
      "comment_date": "2022-01-05T19:24:30.134Z",
      "owner": null,
      "listing": null
    }
  },
  {
    "model": "auctions.comment",
    "pk": 2,
    "fields": {
      "text": "comment 1",
      "comment_date": "2022-01-05T19:24:33.917Z",
      "owner": null,
      "listing": null
    }
  },
  {
    "model": "auctions.comment",
    "pk": 3,
    "fields": {
      "text": "comment 3",
      "comment_date": "2022-01-05T19:26:39.682Z",
      "owner": 1,
      "listing": 2
    }
  },
  {
    "model": "auctions.comment",
    "pk": 4,
    "fields": {
      "text": "comment four is next",
      "comment_date": "2022-01-05T19:30:05.986Z",
      "owner": 1,
      "listing": 2
    }
  },
  {
    "model": "auctions.comment",
    "pk": 5,
    "fields": {
      "text": "comment five is after four",
      "comment_date": "2022-01-05T19:30:13.312Z",
      "owner": 1,
      "listing": 2
    }
  },
  {
    "model": "auctions.comment",
    "pk": 6,
    "fields": {
      "text": "does this thing wrap?",
      "comment_date": "2022-01-05T19:30:19.674Z",
      "owner": 1,
      "listing": 2
    }
  },
  {
    "model": "auctions.comment",
    "pk": 7,
    "fields": {
      "text": "nope definitely does not wrap",
      "comment_date": "2022-01-05T19:30:29.675Z",
      "owner": 1,
      "listing": 2
    }
  },
  {
    "model": "auctions.comment",
    "pk": 8,
    "fields": {
      "text": "i guess it does wrap eventually",
      "comment_date": "2022-01-05T19:30:40.420Z",
      "owner": 1,
      "listing": 2
    }
  },
  {
    "model": "auctions.comment",
    "pk": 9,
    "fields": {
      "text": "test comment 1",
      "comment_date": "2022-01-05T23:45:10.181Z",
      "owner": 1,
      "listing": 1
    }
  },
  {
    "model": "auctions.comment",
    "pk": 10,
    "fields": {
      "text": "test-comment 2",
      "comment_date": "2022-01-05T23:45:17.892Z",
      "owner": 1,
      "listing": 1
    }
  },
  {
    "model": "auctions.comment",
    "pk": 11,
    "fields": {
      "text": "3rd tcomment",
      "comment_date": "2022-01-05T23:57:17.073Z",
      "owner": 1,
      "listing": 1
    }
  },
  {
    "model": "auctions.comment",
    "pk": 12,
    "fields": {
      "text": "testing a much longer comment that I would like to see wrap around a few times so that we can see how nice long comments look on this page.",
      "comment_date": "2022-01-06T22:26:37.141Z",
      "owner": 1,
      "listing": 1
    }
  },
  {
    "model": "auctions.comment",
    "pk": 13,
    "fields": {
      "text": "what about this nice long comment that is about as long as the last one we should get some background color in here.",
      "comment_date": "2022-01-06T22:27:09.906Z",
      "owner": 1,
      "listing": 1
    }
  }
]
